{
  "clip-model": "openai/clip-vit-base-patch16",
  "ctx-len": 8,
  "ctx-len-video": 8,
  "class-wise": false,
  "lr": 8e-05,
  "weight-decay": 0.01,
  "std-init": 0.02,
  "num-temporal-views": 4,
  "num-spatial-views": 3,
  "num-frames-temporal": 8,
  "regularisation-strength": 0.1,
  "regularisation-text": "A video of a person doing",
  "cosine-regularisation-strength": 0.0,
  "use-handcrafted-features": false,
  "keep-vision-prompts-throughout": false,
  "temporal-pooling": "mean",
  "num-heads-attention-pooling": 1,
  "num-frames": null,
  "has-discriminative-conditioning": false,
  "space-between-frames": null,
  "epochs": 30,
  "start-train-step": 0,
  "epochs-to-skip": 0,
  "save-every-n-steps": 10000000000.0,
  "continue-from": null,
  "grad-norm-max": 1.0,
  "loss-function": "cross-entropy",
  "dataset-config": {
    "batch-size": 4,
    "num-workers": 4,
    "batches-per-backprop": 32,
    "split-file": "",
    "K-train": null,
    "K-val": null,
    "K-test": null,
    "split-function": "",
    "random-seed": 42,
    "has-validation": true,
    "use-cache": false,
    "resized-cache-protocol": null,
    "save-to-cache": false,
    "class-protocol": "all",
    "num-classes": null,
    "use-excess-for": "none",
    "remove-class-if-insufficient": false,
    "class-weights": null,
    "skip-first-K-train": 0,
    "skip-first-K-val": 0,
    "val-proportion": 0.2,
    "use-clips": false
  },
  "use-checkpointing": false,
  "debug": false,
  "use-profiling": false,
  "use-fresh-lr-scheduler": true,
  "learn-just-pooling": false,
  "checkpoint-last-n": 12,
  "log-every-n-steps": 10,
  "early-stop-patience": 3,
  "training-history": {
    "train-acc": [
      0.10295783511642542,
      0.24984266834487098,
      0.41019509125236,
      0.49037130270610446,
      0.5621145374449339,
      0.5881686595342983,
      0.6645689112649465,
      0.7122718691000629,
      0.7301447451227187,
      0.7662680931403398,
      0.7561988672120831,
      0.7645059786028949,
      0.8020138451856513,
      0.8314663310258024,
      0.8424166142227816,
      0.8546255506607929,
      0.8752674638137193,
      0.8767778477029579,
      0.8942731277533039,
      0.9116425424795469,
      0.9132787916928886,
      0.9154185022026432,
      0.9198237885462555,
      0.929137822529893,
      0.9360604153555695
    ],
    "train-loss": [
      5.592155542007552,
      3.0934380408275644,
      2.3933977245909377,
      1.916676909612964,
      1.5878156466331026,
      1.4171280089679044,
      1.123207402454374,
      0.9730567696861233,
      0.8744272144430459,
      0.7536524297907489,
      0.7421002300975457,
      0.7166834855844871,
      0.5786374341173695,
      0.49897636091881686,
      0.461766994277061,
      0.42533018137389866,
      0.3470561465052706,
      0.3544699705494808,
      0.28779926816197293,
      0.24072119663015262,
      0.23181925174048143,
      0.21788022021515105,
      0.19788490329019823,
      0.16716193360604154,
      0.1482591190902297
    ],
    "val-acc": [
      0.1530226700251889,
      0.30163727959697734,
      0.44143576826196473,
      0.5283375314861462,
      0.506926952141058,
      0.5806045340050378,
      0.6756926952141058,
      0.6908060453400504,
      0.6964735516372796,
      0.716624685138539,
      0.6876574307304786,
      0.7065491183879093,
      0.7751889168765743,
      0.7732997481108312,
      0.7789672544080605,
      0.7997481108312342,
      0.8167506297229219,
      0.8287153652392947,
      0.827455919395466,
      0.8419395465994962,
      0.8318639798488665,
      0.8652392947103275,
      0.8564231738035264,
      0.8583123425692695,
      0.8595717884130982
    ],
    "val-loss": [
      3.595910032690322,
      2.7826907091049162,
      2.187438377745154,
      2.028580911584749,
      1.720141433421043,
      1.4878415594566232,
      1.148220726879454,
      1.1268377990453236,
      1.0156239084344358,
      0.9852851364761848,
      1.1115359989556215,
      0.9728941157352002,
      0.8051300837939489,
      0.7659893131935529,
      0.7680569773858507,
      0.6778225892687503,
      0.6804941565461372,
      0.6167805394844218,
      0.6322522450705169,
      0.6085212742160722,
      0.6358936130415151,
      0.5530689177646233,
      0.5514091186531458,
      0.5867789968253072,
      0.5237688919384991
    ]
  },
  "fp16": false,
  "grad-scaler-config": {
    "init-scale": 8192,
    "growth-factor": 2.0,
    "backoff-factor": 0.5,
    "growth-interval": 100
  },
  "activation-clamp-value": 10000.0,
  "method-name": "vilt",
  "num-tokens-per-layer-text": 4,
  "num-tokens-per-layer-vision": 4,
  "modality-transfer-text": [
    [
      [
        0
      ],
      []
    ],
    [
      [
        1
      ],
      []
    ],
    [
      [
        2
      ],
      []
    ],
    [
      [
        3
      ],
      []
    ],
    [
      [
        4
      ],
      []
    ],
    [
      [],
      [
        5
      ]
    ],
    [
      [],
      [
        6
      ]
    ],
    [
      [],
      [
        7
      ]
    ],
    [
      [],
      [
        8
      ]
    ],
    [
      [],
      [
        9
      ]
    ],
    [
      [],
      []
    ],
    [
      [],
      []
    ]
  ],
  "modality-transfer-vision": [
    [
      [],
      [
        0
      ]
    ],
    [
      [],
      [
        1
      ]
    ],
    [
      [],
      [
        2
      ]
    ],
    [
      [],
      [
        3
      ]
    ],
    [
      [],
      [
        4
      ]
    ],
    [
      [
        5
      ],
      []
    ],
    [
      [
        6
      ],
      []
    ],
    [
      [
        7
      ],
      []
    ],
    [
      [
        8
      ],
      []
    ],
    [
      [
        9
      ],
      []
    ],
    [
      [],
      []
    ],
    [
      [],
      []
    ]
  ],
  "prompt-optimisation-method": "vilt",
  "dataset": "ucf101",
  "data-dir": "/work3/fasco/data/raw/datasets/pevogam/ucf101/versions/1/UCF101/UCF-101",
  "model": "openai/clip-vit-base-patch16",
  "K": null,
  "K-val": null,
  "K-test": null,
  "val-examples-per-class": null,
  "batch-size": 4,
  "out": "/work3/fasco/data/processed/prompts/vilt/ucf101",
  "num-workers": 4,
  "re-process-data": false,
  "use-wandb": true,
  "num-head-attention-pooling": 1,
  "N-text-layers": 12,
  "N-vision-layers": 12
}