{
  "clip-model": "openai/clip-vit-base-patch16",
  "ctx-len": 8,
  "ctx-len-video": 0,
  "class-wise": false,
  "lr": 0.0008,
  "weight-decay": 0.001,
  "std-init": 0.02,
  "num-temporal-views": 4,
  "num-spatial-views": 3,
  "num-frames-temporal": 8,
  "regularisation-strength": 0.0,
  "regularisation-text": "A video of a person doing",
  "cosine-regularisation-strength": 0.0,
  "use-handcrafted-features": false,
  "keep-vision-prompts-throughout": false,
  "temporal-pooling": "attention",
  "num-heads-attention-pooling": 1,
  "num-frames": 8,
  "has-discriminative-conditioning": false,
  "space-between-frames": null,
  "epochs": 20,
  "start-train-step": 0,
  "epochs-to-skip": 0,
  "save-every-n-steps": 10000000000.0,
  "continue-from": null,
  "grad-norm-max": 1.0,
  "loss-function": "cross-entropy",
  "dataset-config": {
    "batch-size": 4,
    "num-workers": 4,
    "batches-per-backprop": 32,
    "split-file": "",
    "K-train": null,
    "K-val": null,
    "K-test": null,
    "split-function": "",
    "random-seed": 42,
    "has-validation": true,
    "use-cache": false,
    "resized-cache-protocol": null,
    "save-to-cache": false,
    "class-protocol": "all",
    "num-classes": null,
    "use-excess-for": "none",
    "remove-class-if-insufficient": false,
    "class-weights": null,
    "skip-first-K-train": 0,
    "skip-first-K-val": 0,
    "val-proportion": 0.2,
    "use-clips": false
  },
  "use-checkpointing": true,
  "debug": false,
  "use-profiling": false,
  "use-fresh-lr-scheduler": true,
  "learn-just-pooling": false,
  "checkpoint-last-n": 12,
  "log-every-n-steps": 10,
  "training-history": {
    "train-acc": [
      0.36110761485210824,
      0.7047199496538703,
      0.8502202643171806,
      0.9348017621145375,
      0.965135305223411,
      0.9857772183763374,
      0.9944619257394588,
      0.9968533668974198,
      0.9993706733794839,
      1.0,
      1.0,
      1.0,
      1.0,
      1.0,
      1.0,
      1.0,
      1.0,
      1.0,
      1.0,
      1.0
    ],
    "train-loss": [
      2.8900018191472623,
      1.2707938365324103,
      0.6665654253854626,
      0.32222951861430144,
      0.165867143250472,
      0.0802107737152887,
      0.03946194033565725,
      0.024690095818665433,
      0.011200289189102815,
      0.0060147078401866835,
      0.004337974822018565,
      0.0031563203690410636,
      0.002663946421811084,
      0.0024105372107801684,
      0.002245222779472644,
      0.002130806348547386,
      0.002053676242720338,
      0.002002219721684297,
      0.0019710135054783373,
      0.0019563544089123467
    ],
    "val-acc": [
      0.5497481108312342,
      0.7159949622166247,
      0.8476070528967254,
      0.9175062972292192,
      0.9093198992443325,
      0.9023929471032746,
      0.9130982367758187,
      0.9332493702770781,
      0.931360201511335,
      0.922544080604534,
      0.931360201511335,
      0.9357682619647355,
      0.9345088161209067,
      0.9351385390428212,
      0.9326196473551638,
      0.9345088161209067,
      0.9345088161209067,
      0.9338790931989924,
      0.9345088161209067,
      0.9345088161209067
    ],
    "val-loss": [
      1.7914679978108525,
      1.09306847916855,
      0.6590165066197327,
      0.3957387127453738,
      0.33662770385853946,
      0.37278283553395036,
      0.3310070847423855,
      0.2629076354440932,
      0.25967375710581647,
      0.27609432074848345,
      0.25174884077052173,
      0.24424335779006398,
      0.24500878827911168,
      0.24852298104406717,
      0.25031706804553455,
      0.24599434694875516,
      0.24610918924113195,
      0.24649118545536428,
      0.24630476602529686,
      0.2462684633114266
    ]
  },
  "fp16": false,
  "grad-scaler-config": {
    "init-scale": 8192,
    "growth-factor": 2.0,
    "backoff-factor": 0.5,
    "growth-interval": 100
  },
  "activation-clamp-value": 10000.0,
  "method-name": "video-coop",
  "prompt-optimisation-method": "video_coop",
  "dataset": "ucf101",
  "data-dir": "/work3/fasco/data/raw/datasets/pevogam/ucf101/versions/1/UCF101/UCF-101",
  "model": "openai/clip-vit-base-patch16",
  "K": null,
  "val-examples-per-class": null,
  "batch-size": 4,
  "out": "/work3/fasco/data/processed/prompts/video_coop/ucf101",
  "num-workers": 4,
  "re-process-data": false,
  "use-wandb": true,
  "num-head-attention-pooling": 1
}