{
  "clip-model": "openai/clip-vit-base-patch16",
  "ctx-len": 8,
  "ctx-len-video": 0,
  "class-wise": false,
  "lr": 0.0008,
  "weight-decay": 0.001,
  "std-init": 0.02,
  "num-temporal-views": 4,
  "num-spatial-views": 3,
  "num-frames-temporal": 8,
  "regularisation-strength": 0.0,
  "regularisation-text": "A video of a person doing",
  "cosine-regularisation-strength": 0.0,
  "use-handcrafted-features": false,
  "keep-vision-prompts-throughout": false,
  "temporal-pooling": "attention",
  "num-heads-attention-pooling": 1,
  "num-frames": 8,
  "has-discriminative-conditioning": false,
  "space-between-frames": null,
  "epochs": 20,
  "start-train-step": 0,
  "epochs-to-skip": 0,
  "save-every-n-steps": 10000000000.0,
  "continue-from": "video_coop/ucf101/best-mean",
  "grad-norm-max": 1.0,
  "loss-function": "cross-entropy",
  "dataset-config": {
    "batch-size": 4,
    "num-workers": 4,
    "batches-per-backprop": 32,
    "split-file": "",
    "K-train": null,
    "K-val": null,
    "K-test": null,
    "split-function": "",
    "random-seed": 42,
    "has-validation": true,
    "use-cache": false,
    "resized-cache-protocol": null,
    "save-to-cache": false,
    "class-protocol": "all",
    "num-classes": null,
    "use-excess-for": "none",
    "remove-class-if-insufficient": false,
    "class-weights": null,
    "skip-first-K-train": 0,
    "skip-first-K-val": 0,
    "val-proportion": 0.2,
    "use-clips": false
  },
  "use-checkpointing": true,
  "debug": false,
  "use-profiling": false,
  "use-fresh-lr-scheduler": true,
  "learn-just-pooling": true,
  "checkpoint-last-n": 12,
  "log-every-n-steps": 10,
  "early-stop-patience": 3,
  "training-history": {
    "train-acc": [
      0.6981749528005035,
      0.9714285714285714,
      0.9882945248584015,
      0.9962240402769037,
      0.9993706733794839,
      0.9998741346758968,
      1.0,
      1.0,
      0.9998741346758968,
      1.0,
      1.0,
      1.0,
      1.0,
      1.0,
      1.0,
      1.0
    ],
    "train-loss": [
      1.2953868637901196,
      0.12736060476813246,
      0.06024880910384873,
      0.03197852699467039,
      0.020005726319127597,
      0.013745009636563877,
      0.010393054114714443,
      0.00868953467165621,
      0.0076404305056553354,
      0.006462678135079059,
      0.005827672441025213,
      0.005402083303884863,
      0.005071019916282352,
      0.0048206543007161045,
      0.004651887676414264,
      0.004512197255638128
    ],
    "val-acc": [
      0.8721662468513854,
      0.906801007556675,
      0.9149874055415617,
      0.9238035264483627,
      0.9269521410579346,
      0.9250629722921915,
      0.9275818639798489,
      0.9338790931989924,
      0.9351385390428212,
      0.931360201511335,
      0.9357682619647355,
      0.9389168765743073,
      0.940176322418136,
      0.9376574307304786,
      0.9357682619647355,
      0.9363979848866498
    ],
    "val-loss": [
      0.3897694430845644,
      0.29536101062223785,
      0.3162460928873431,
      0.2561578378981561,
      0.25239126680127666,
      0.2552547904183931,
      0.2304392868128191,
      0.21892549862638844,
      0.2212665705825862,
      0.22676386405581606,
      0.22058994005657,
      0.21881639121607388,
      0.21868287274697257,
      0.22101491725266387,
      0.21749156385858692,
      0.21865098099846667
    ]
  },
  "fp16": false,
  "grad-scaler-config": {
    "init-scale": 8192,
    "growth-factor": 2.0,
    "backoff-factor": 0.5,
    "growth-interval": 100
  },
  "activation-clamp-value": 10000.0,
  "method-name": "video-coop",
  "prompt-optimisation-method": "video_coop",
  "dataset": "ucf101",
  "data-dir": "/work3/fasco/data/raw/datasets/pevogam/ucf101/versions/1/UCF101/UCF-101",
  "model": "openai/clip-vit-base-patch16",
  "K": null,
  "K-val": null,
  "K-test": null,
  "val-examples-per-class": null,
  "batch-size": 4,
  "out": "/work3/fasco/data/processed/prompts/video_coop/ucf101",
  "num-workers": 4,
  "re-process-data": false,
  "use-wandb": true,
  "num-head-attention-pooling": 1
}