{
  "clip-model": "openai/clip-vit-base-patch16",
  "ctx-len": 8,
  "ctx-len-video": 0,
  "class-wise": false,
  "lr": 0.0008,
  "weight-decay": 0.001,
  "std-init": 0.02,
  "num-temporal-views": 4,
  "num-spatial-views": 3,
  "num-frames-temporal": 8,
  "regularisation-strength": 0.0,
  "regularisation-text": "A video of a person doing",
  "cosine-regularisation-strength": 0.0,
  "use-handcrafted-features": false,
  "keep-vision-prompts-throughout": false,
  "temporal-pooling": "attention",
  "num-heads-attention-pooling": 1,
  "num-frames": 8,
  "has-discriminative-conditioning": false,
  "space-between-frames": null,
  "epochs": 20,
  "start-train-step": 0,
  "epochs-to-skip": 0,
  "save-every-n-steps": 10000000000.0,
  "continue-from": "video_coop/ucf101/best-mean",
  "grad-norm-max": 1.0,
  "loss-function": "cross-entropy",
  "dataset-config": {
    "batch-size": 4,
    "num-workers": 4,
    "batches-per-backprop": 32,
    "split-file": "",
    "K-train": null,
    "K-val": null,
    "K-test": null,
    "split-function": "",
    "random-seed": 42,
    "has-validation": true,
    "use-cache": false,
    "resized-cache-protocol": null,
    "save-to-cache": false,
    "class-protocol": "all",
    "num-classes": null,
    "use-excess-for": "none",
    "remove-class-if-insufficient": false,
    "class-weights": null,
    "skip-first-K-train": 0,
    "skip-first-K-val": 0,
    "val-proportion": 0.2,
    "use-clips": false
  },
  "use-checkpointing": true,
  "debug": false,
  "use-profiling": false,
  "use-fresh-lr-scheduler": true,
  "learn-just-pooling": false,
  "checkpoint-last-n": 12,
  "log-every-n-steps": 10,
  "early-stop-patience": 3,
  "training-history": {
    "train-acc": [
      0.463058527375708,
      0.8159848961611076,
      0.9233480176211454,
      0.9660163624921334,
      0.9840151038388923,
      0.9900566393958464,
      0.9971050975456262,
      0.9977344241661422,
      1.0,
      1.0,
      1.0,
      1.0,
      1.0,
      1.0,
      1.0
    ],
    "train-loss": [
      2.169704314820642,
      0.5777717412680932,
      0.26856611862806795,
      0.12097357719330161,
      0.056693939535478285,
      0.03497676669313444,
      0.01436159531225417,
      0.011067760508341035,
      0.0025692065306772145,
      0.0013647493586891324,
      0.0009822236883932874,
      0.0008266160891744759,
      0.0007430396491135344,
      0.0006768230824743598,
      0.0006387208826966523
    ],
    "val-acc": [
      0.7027707808564232,
      0.8261964735516373,
      0.8639798488664987,
      0.906801007556675,
      0.9124685138539043,
      0.9156171284634761,
      0.9187657430730478,
      0.9124685138539043,
      0.9256926952141058,
      0.9250629722921915,
      0.9250629722921915,
      0.9269521410579346,
      0.9231738035264484,
      0.9238035264483627,
      0.924433249370277
    ],
    "val-loss": [
      0.9632235022498675,
      0.5810178640211747,
      0.44330387607701266,
      0.3023247303143824,
      0.314923474849039,
      0.30962472271338554,
      0.328658767512698,
      0.3027332859048274,
      0.24882187515181922,
      0.2604137318841538,
      0.2710295739584088,
      0.26258418669177247,
      0.267877443923559,
      0.2717487041896865,
      0.2694579337169531
    ]
  },
  "fp16": false,
  "grad-scaler-config": {
    "init-scale": 8192,
    "growth-factor": 2.0,
    "backoff-factor": 0.5,
    "growth-interval": 100
  },
  "activation-clamp-value": 10000.0,
  "method-name": "video-coop",
  "prompt-optimisation-method": "video_coop",
  "dataset": "ucf101",
  "data-dir": "/work3/fasco/data/raw/datasets/pevogam/ucf101/versions/1/UCF101/UCF-101",
  "model": "openai/clip-vit-base-patch16",
  "K": null,
  "K-val": null,
  "K-test": null,
  "val-examples-per-class": null,
  "batch-size": 4,
  "out": "/work3/fasco/data/processed/prompts/video_coop/ucf101",
  "num-workers": 4,
  "re-process-data": false,
  "use-wandb": true,
  "num-head-attention-pooling": 1
}