{
  "clip-model": "openai/clip-vit-base-patch16",
  "ctx-len": 0,
  "ctx-len-video": 8,
  "class-wise": false,
  "lr": 8e-05,
  "weight-decay": 0.01,
  "std-init": 0.02,
  "num-temporal-views": 4,
  "num-spatial-views": 3,
  "num-frames-temporal": 8,
  "regularisation-strength": 0.0,
  "regularisation-text": "A video of a",
  "cosine-regularisation-strength": 0.0,
  "temporal-pooling": "mean",
  "num-heads-attention-pooling": 1,
  "num-frames": null,
  "has-discriminative-conditioning": false,
  "space-between-frames": null,
  "epochs": 20,
  "start-train-step": 0,
  "epochs-to-skip": 0,
  "save-every-n-steps": 10000000000.0,
  "continue-from": null,
  "grad-norm-max": 1.0,
  "loss-function": "cross-entropy",
  "dataset-config": {
    "batch-size": 4,
    "num-workers": 4,
    "batches-per-backprop": 32,
    "split-file": "",
    "K-train": null,
    "K-val": null,
    "split-function": "",
    "random-seed": 42,
    "has-validation": true,
    "use-cache": false,
    "resized-cache-protocol": null,
    "save-to-cache": false,
    "class-protocol": "all",
    "num-classes": null,
    "use-excess-for": "none",
    "remove-class-if-insufficient": false,
    "class-weights": null,
    "skip-first-K-train": 0,
    "skip-first-K-val": 0
  },
  "use-checkpointing": true,
  "debug": false,
  "use-profiling": false,
  "use-fresh-lr-scheduler": true,
  "learn-just-pooling": false,
  "checkpoint-last-n": 12,
  "log-every-n-steps": 10,
  "training-history": {
    "train-acc": [
      0.448652050771006,
      0.45882723172138884,
      0.4595615231301794,
      0.4596664219028637,
      0.4599811182209168,
      0.4599811182209168,
      0.4604007133116543,
      0.4605056120843386,
      0.4604007133116543,
      0.4598762194482325,
      0.4601909157662855,
      0.4599811182209168,
      0.4600860169936012,
      0.4601909157662855,
      0.4601909157662855,
      0.4601909157662855,
      0.4599811182209168,
      0.4600860169936012,
      0.4600860169936012,
      0.4602958145389699
    ],
    "train-loss": [
      3.930320990244414,
      3.9028530827126824,
      3.8965993129130387,
      3.8934744768173712,
      3.891366257342914,
      3.890206224430924,
      3.889599368640512,
      3.889130192489248,
      3.889068728364628,
      3.88904905984475,
      3.889036357258995,
      3.8890298010857025,
      3.8890269327598865,
      3.8890130008916395,
      3.8890048056750235,
      3.8890052154358545,
      3.8886540504038605,
      3.888635611166474,
      3.888636020927305,
      3.8886515918388755
    ],
    "val-acc": [
      0.44656084656084655,
      0.44947089947089947,
      0.44947089947089947,
      0.44947089947089947,
      0.4497354497354497,
      0.44947089947089947,
      0.44947089947089947,
      0.4497354497354497,
      0.44947089947089947,
      0.44947089947089947,
      0.44947089947089947,
      0.44947089947089947,
      0.44947089947089947,
      0.44947089947089947,
      0.4497354497354497,
      0.44947089947089947,
      0.44947089947089947,
      0.4492063492063492,
      0.4492063492063492,
      0.44947089947089947
    ],
    "val-loss": [
      3.919918258101852,
      3.9107783564814813,
      3.90666335978836,
      3.904266906415344,
      3.902915736607143,
      3.9021639384920634,
      3.901371837797619,
      3.901326884920635,
      3.9012602306547617,
      3.9012726314484127,
      3.901278831845238,
      3.9012426628637566,
      3.9012328455687832,
      3.901270564649471,
      3.9012307787698415,
      3.901187892691799,
      3.9009011243386245,
      3.900936259920635,
      3.9008990575396827,
      3.900927992724868
    ]
  },
  "fp16": true,
  "grad-scaler-config": {
    "init-scale": 8192,
    "growth-factor": 2.0,
    "backoff-factor": 0.5,
    "growth-interval": 100
  },
  "activation-clamp-value": 10000.0,
  "method-name": "vidop",
  "prompt-optimisation-method": "vidop",
  "dataset": "ucf101",
  "data-dir": "/work3/fasco/data/raw/datasets/pevogam/ucf101/versions/1/UCF101/UCF-101",
  "model": "openai/clip-vit-base-patch16",
  "K": null,
  "val-examples-per-class": null,
  "batch-size": 4,
  "out": "/work3/fasco/data/processed/prompts/vidop/ucf101",
  "num-workers": 4,
  "re-process-data": false,
  "use-wandb": true,
  "num-head-attention-pooling": 1
}