{
  "clip-model": "openai/clip-vit-base-patch16",
  "ctx-len": 0,
  "ctx-len-video": 8,
  "class-wise": false,
  "lr": 8e-05,
  "weight-decay": 0.01,
  "std-init": 0.02,
  "num-temporal-views": 4,
  "num-spatial-views": 3,
  "num-frames-temporal": 8,
  "regularisation-strength": 0.0,
  "regularisation-text": "A video of a person doing",
  "cosine-regularisation-strength": 0.0,
  "use-handcrafted-features": false,
  "keep-vision-prompts-throughout": false,
  "temporal-pooling": "attention",
  "num-heads-attention-pooling": 1,
  "num-frames": null,
  "has-discriminative-conditioning": false,
  "space-between-frames": null,
  "epochs": 10,
  "start-train-step": 0,
  "epochs-to-skip": 0,
  "save-every-n-steps": 10000000000.0,
  "continue-from": null,
  "grad-norm-max": 1.0,
  "loss-function": "cross-entropy",
  "dataset-config": {
    "batch-size": 4,
    "num-workers": 4,
    "batches-per-backprop": 32,
    "split-file": "",
    "K-train": null,
    "K-val": null,
    "K-test": null,
    "split-function": "",
    "random-seed": 42,
    "has-validation": true,
    "use-cache": false,
    "resized-cache-protocol": null,
    "save-to-cache": false,
    "class-protocol": "all",
    "num-classes": null,
    "use-excess-for": "none",
    "remove-class-if-insufficient": false,
    "class-weights": null,
    "skip-first-K-train": 0,
    "skip-first-K-val": 0,
    "val-proportion": 0.2,
    "use-clips": false
  },
  "use-checkpointing": true,
  "debug": false,
  "use-profiling": false,
  "use-fresh-lr-scheduler": true,
  "learn-just-pooling": false,
  "checkpoint-last-n": 12,
  "log-every-n-steps": 10,
  "early-stop-patience": 3,
  "training-history": {
    "train-acc": [
      0.2460667086217747,
      0.5787287602265576,
      0.7092511013215859,
      0.7769666456891127,
      0.8161107614852108,
      0.8465701699181876,
      0.8585273757079924,
      0.8699811202013845,
      0.8787916928886091,
      0.884078036500944
    ],
    "train-loss": [
      3.861093356670862,
      2.6124351006922595,
      2.0224968287838263,
      1.6981964629877282,
      1.4982382542086217,
      1.3739418217039019,
      1.295828744493392,
      1.2479652592039019,
      1.219593199339207,
      1.2068213105726873
    ],
    "val-acc": [
      0.45465994962216627,
      0.6259445843828715,
      0.6939546599496221,
      0.7474811083123426,
      0.7903022670025189,
      0.8073047858942065,
      0.8249370277078085,
      0.8350125944584383,
      0.8425692695214105,
      0.8419395465994962
    ],
    "val-loss": [
      3.088962094309348,
      2.3097924538313293,
      1.9175627182427821,
      1.6849790525901829,
      1.5404894856421714,
      1.4523683958299816,
      1.395519282453006,
      1.3622934066828913,
      1.3465122953244961,
      1.3410139275663144
    ]
  },
  "fp16": false,
  "grad-scaler-config": {
    "init-scale": 8192,
    "growth-factor": 2.0,
    "backoff-factor": 0.5,
    "growth-interval": 100
  },
  "activation-clamp-value": 10000.0,
  "method-name": "vidop",
  "prompt-optimisation-method": "vidop",
  "dataset": "ucf101",
  "data-dir": "/work3/fasco/data/raw/datasets/pevogam/ucf101/versions/1/UCF101/UCF-101",
  "model": "openai/clip-vit-base-patch16",
  "K": null,
  "K-val": null,
  "K-test": null,
  "val-examples-per-class": null,
  "batch-size": 4,
  "out": "/work3/fasco/data/processed/prompts/vidop/ucf101",
  "num-workers": 4,
  "re-process-data": false,
  "use-wandb": true,
  "num-head-attention-pooling": 1
}