{
  "clip-model": "openai/clip-vit-base-patch16",
  "ctx-len": 0,
  "ctx-len-video": 8,
  "class-wise": false,
  "lr": 8e-05,
  "weight-decay": 0.01,
  "std-init": 0.02,
  "num-temporal-views": 4,
  "num-spatial-views": 3,
  "num-frames-temporal": 8,
  "regularisation-strength": 0.0,
  "regularisation-text": "A video of a person doing",
  "cosine-regularisation-strength": 0.0,
  "use-handcrafted-features": true,
  "keep-vision-prompts-throughout": false,
  "temporal-pooling": "mean",
  "num-heads-attention-pooling": 1,
  "num-frames": null,
  "has-discriminative-conditioning": false,
  "space-between-frames": null,
  "epochs": 10,
  "start-train-step": 0,
  "epochs-to-skip": 0,
  "save-every-n-steps": 10000000000.0,
  "continue-from": null,
  "grad-norm-max": 1.0,
  "loss-function": "cross-entropy",
  "dataset-config": {
    "batch-size": 4,
    "num-workers": 4,
    "batches-per-backprop": 32,
    "split-file": "",
    "K-train": null,
    "K-val": null,
    "K-test": null,
    "split-function": "",
    "random-seed": 42,
    "has-validation": true,
    "use-cache": false,
    "resized-cache-protocol": null,
    "save-to-cache": false,
    "class-protocol": "all",
    "num-classes": null,
    "use-excess-for": "none",
    "remove-class-if-insufficient": false,
    "class-weights": null,
    "skip-first-K-train": 0,
    "skip-first-K-val": 0,
    "val-proportion": 0.2,
    "use-clips": false
  },
  "use-checkpointing": true,
  "debug": false,
  "use-profiling": false,
  "use-fresh-lr-scheduler": true,
  "learn-just-pooling": false,
  "checkpoint-last-n": 12,
  "log-every-n-steps": 10,
  "early-stop-patience": 3,
  "training-history": {
    "train-acc": [
      0.5880427942101951,
      0.6198867212083071,
      0.629452485840151,
      0.6310887350534927,
      0.6344870988042794,
      0.6392699811202014,
      0.6441787287602265,
      0.6464443045940843,
      0.6477029578351164
    ],
    "train-loss": [
      3.585370614380113,
      3.4021357772183762,
      3.2563212909062305,
      3.133724531938326,
      3.049619945720579,
      2.9882062716331026,
      2.9461409494965385,
      2.92051752281309,
      2.906741661422278
    ],
    "val-acc": [
      0.5031486146095718,
      0.4899244332493703,
      0.5012594458438288,
      0.5163727959697733,
      0.5157430730478589,
      0.52455919395466,
      0.5214105793450882,
      0.5220403022670025,
      0.52455919395466
    ],
    "val-loss": [
      3.7048612071825215,
      3.563825455210371,
      3.4530643196190036,
      3.371529911267067,
      3.314173281943468,
      3.274414272092151,
      3.250279434231727,
      3.235548529576895,
      3.228696412193385
    ]
  },
  "fp16": false,
  "grad-scaler-config": {
    "init-scale": 8192,
    "growth-factor": 2.0,
    "backoff-factor": 0.5,
    "growth-interval": 100
  },
  "activation-clamp-value": 10000.0,
  "method-name": "vidop",
  "prompt-optimisation-method": "vidop",
  "dataset": "ucf101",
  "data-dir": "/work3/fasco/data/raw/datasets/pevogam/ucf101/versions/1/UCF101/UCF-101",
  "model": "openai/clip-vit-base-patch16",
  "K": null,
  "K-val": null,
  "K-test": null,
  "val-examples-per-class": null,
  "batch-size": 4,
  "out": "/work3/fasco/data/processed/prompts/vidop/ucf101",
  "num-workers": 4,
  "re-process-data": false,
  "use-wandb": true,
  "num-head-attention-pooling": 1
}