{
  "clip-model": "openai/clip-vit-base-patch16",
  "ctx-len": 0,
  "ctx-len-video": 8,
  "class-wise": false,
  "lr": 8e-05,
  "weight-decay": 0.01,
  "std-init": 0.02,
  "num-temporal-views": 4,
  "num-spatial-views": 3,
  "num-frames-temporal": 8,
  "regularisation-strength": 0.0,
  "regularisation-text": "A video of a person doing",
  "cosine-regularisation-strength": 0.0,
  "use-handcrafted-features": false,
  "keep-vision-prompts-throughout": false,
  "temporal-pooling": "mean",
  "num-heads-attention-pooling": 1,
  "num-frames": null,
  "has-discriminative-conditioning": false,
  "space-between-frames": null,
  "epochs": 10,
  "start-train-step": 0,
  "epochs-to-skip": 0,
  "save-every-n-steps": 10000000000.0,
  "continue-from": null,
  "grad-norm-max": 1.0,
  "loss-function": "cross-entropy",
  "dataset-config": {
    "batch-size": 4,
    "num-workers": 4,
    "batches-per-backprop": 32,
    "split-file": "",
    "K-train": null,
    "K-val": null,
    "K-test": null,
    "split-function": "",
    "random-seed": 42,
    "has-validation": true,
    "use-cache": false,
    "resized-cache-protocol": null,
    "save-to-cache": false,
    "class-protocol": "all",
    "num-classes": null,
    "use-excess-for": "none",
    "remove-class-if-insufficient": false,
    "class-weights": null,
    "skip-first-K-train": 0,
    "skip-first-K-val": 0,
    "val-proportion": 0.2,
    "use-clips": false
  },
  "use-checkpointing": true,
  "debug": false,
  "use-profiling": false,
  "use-fresh-lr-scheduler": true,
  "learn-just-pooling": false,
  "checkpoint-last-n": 12,
  "log-every-n-steps": 10,
  "early-stop-patience": 3,
  "training-history": {
    "train-acc": [
      0.48055380742605414,
      0.5022026431718062,
      0.5125235997482693,
      0.518942731277533,
      0.5204531151667715,
      0.5209565764631844,
      0.5217117684078036,
      0.5234738829452485,
      0.5247325361862807
    ],
    "train-loss": [
      3.802255496774701,
      3.678495712712398,
      3.519044505191945,
      3.435837938561989,
      3.3778071408904973,
      3.335460342589679,
      3.3045881843926996,
      3.2859478248898677,
      3.2754818281938327
    ],
    "val-acc": [
      0.5081863979848866,
      0.5075566750629723,
      0.5232997481108312,
      0.5289672544080605,
      0.5371536523929471,
      0.5434508816120907,
      0.5409319899244333,
      0.5434508816120907,
      0.5415617128463476
    ],
    "val-loss": [
      3.734327070508856,
      3.5709961134780865,
      3.4647345858196767,
      3.3945213813025044,
      3.345281392110685,
      3.3089741096088208,
      3.2851725587016087,
      3.271968633612097,
      3.2651865287151383
    ]
  },
  "fp16": false,
  "grad-scaler-config": {
    "init-scale": 8192,
    "growth-factor": 2.0,
    "backoff-factor": 0.5,
    "growth-interval": 100
  },
  "activation-clamp-value": 10000.0,
  "method-name": "vidop",
  "prompt-optimisation-method": "vidop",
  "dataset": "ucf101",
  "data-dir": "/work3/fasco/data/raw/datasets/pevogam/ucf101/versions/1/UCF101/UCF-101",
  "model": "openai/clip-vit-base-patch16",
  "K": null,
  "K-val": null,
  "K-test": null,
  "val-examples-per-class": null,
  "batch-size": 4,
  "out": "/work3/fasco/data/processed/prompts/vidop/ucf101",
  "num-workers": 4,
  "re-process-data": false,
  "use-wandb": true,
  "num-head-attention-pooling": 1
}