{
  "clip-model": "openai/clip-vit-base-patch16",
  "ctx-len": 8,
  "ctx-len-video": 8,
  "class-wise": false,
  "lr": 0.001,
  "weight-decay": 0.01,
  "std-init": 0.02,
  "num-temporal-views": 4,
  "num-spatial-views": 3,
  "num-frames-temporal": 8,
  "regularisation-strength": 0.0,
  "regularisation-text": "A video of a person doing",
  "cosine-regularisation-strength": 0.0,
  "use-handcrafted-features": false,
  "keep-vision-prompts-throughout": false,
  "temporal-pooling": "attention",
  "num-heads-attention-pooling": 1,
  "num-frames": null,
  "has-discriminative-conditioning": false,
  "space-between-frames": null,
  "epochs": 20,
  "start-train-step": 0,
  "epochs-to-skip": 0,
  "save-every-n-steps": 10000000000.0,
  "continue-from": null,
  "grad-norm-max": 1.0,
  "loss-function": "cross-entropy",
  "dataset-config": {
    "batch-size": 4,
    "num-workers": 4,
    "batches-per-backprop": 32,
    "split-file": "",
    "K-train": null,
    "K-val": null,
    "K-test": null,
    "split-function": "",
    "random-seed": 42,
    "has-validation": true,
    "use-cache": false,
    "resized-cache-protocol": null,
    "save-to-cache": false,
    "class-protocol": "all",
    "num-classes": null,
    "use-excess-for": "none",
    "remove-class-if-insufficient": false,
    "class-weights": null,
    "skip-first-K-train": 0,
    "skip-first-K-val": 0,
    "val-proportion": 0.2,
    "use-clips": false
  },
  "use-checkpointing": true,
  "debug": false,
  "use-profiling": false,
  "use-fresh-lr-scheduler": true,
  "learn-just-pooling": false,
  "checkpoint-last-n": 12,
  "log-every-n-steps": 10,
  "early-stop-patience": 3,
  "training-history": {
    "train-acc": [
      0.3198237885462555,
      0.7170547514159848,
      0.8650723725613594,
      0.9463813719320328,
      0.9811202013845186,
      0.9909376966645689,
      0.9952171176840781,
      0.9954688483322844,
      0.9998741346758968,
      1.0,
      1.0,
      1.0
    ],
    "train-loss": [
      2.9767630978602897,
      1.1656052106277532,
      0.5772932317888609,
      0.24631764032016992,
      0.10161113606975693,
      0.04875096104443636,
      0.026517203770920192,
      0.020512312354345304,
      0.006003438518661009,
      0.002616624009916811,
      0.0020048163085707033,
      0.0017216793466019436
    ],
    "val-acc": [
      0.5673803526448362,
      0.7840050377833753,
      0.8545340050377834,
      0.904911838790932,
      0.9036523929471033,
      0.9124685138539043,
      0.9030226700251889,
      0.9231738035264484,
      0.9319899244332494,
      0.929471032745592,
      0.9275818639798489,
      0.9307304785894207
    ],
    "val-loss": [
      1.7326819379379979,
      0.892222653445729,
      0.6203464377690248,
      0.3743945962235669,
      0.3358020873397814,
      0.31883850596611735,
      0.36078360139334253,
      0.26526379180869486,
      0.25575780640983403,
      0.2521262884356864,
      0.2558371521277712,
      0.24793082415400075
    ]
  },
  "fp16": false,
  "grad-scaler-config": {
    "init-scale": 8192,
    "growth-factor": 2.0,
    "backoff-factor": 0.5,
    "growth-interval": 100
  },
  "activation-clamp-value": 10000.0,
  "method-name": "dual-coop",
  "prompt-optimisation-method": "dual_coop",
  "dataset": "ucf101",
  "data-dir": "/work3/fasco/data/raw/datasets/pevogam/ucf101/versions/1/UCF101/UCF-101",
  "model": "openai/clip-vit-base-patch16",
  "K": null,
  "K-val": null,
  "K-test": null,
  "val-examples-per-class": null,
  "batch-size": 4,
  "out": "/work3/fasco/data/processed/prompts/dual_coop/ucf101",
  "num-workers": 4,
  "re-process-data": false,
  "use-wandb": true,
  "num-head-attention-pooling": 1
}