{
  "clip-model": "openai/clip-vit-base-patch16",
  "ctx-len": 8,
  "ctx-len-video": 8,
  "class-wise": false,
  "lr": 0.001,
  "weight-decay": 0.01,
  "std-init": 0.02,
  "num-temporal-views": 4,
  "num-spatial-views": 3,
  "num-frames-temporal": 8,
  "regularisation-strength": 0.0,
  "regularisation-text": "A video of a person doing",
  "cosine-regularisation-strength": 0.0,
  "use-handcrafted-features": false,
  "keep-vision-prompts-throughout": false,
  "temporal-pooling": "attention",
  "num-heads-attention-pooling": 1,
  "num-frames": null,
  "has-discriminative-conditioning": false,
  "space-between-frames": null,
  "epochs": 20,
  "start-train-step": 0,
  "epochs-to-skip": 0,
  "save-every-n-steps": 10000000000.0,
  "continue-from": null,
  "grad-norm-max": 1.0,
  "loss-function": "cross-entropy",
  "dataset-config": {
    "batch-size": 4,
    "num-workers": 0,
    "batches-per-backprop": 32,
    "split-file": "",
    "K-train": null,
    "K-val": null,
    "K-test": null,
    "split-function": "",
    "random-seed": 42,
    "has-validation": true,
    "use-cache": false,
    "resized-cache-protocol": null,
    "save-to-cache": false,
    "class-protocol": "all",
    "num-classes": null,
    "use-excess-for": "none",
    "remove-class-if-insufficient": false,
    "class-weights": null,
    "skip-first-K-train": 0,
    "skip-first-K-val": 0,
    "val-proportion": 0.2,
    "use-clips": false
  },
  "use-checkpointing": true,
  "debug": false,
  "use-profiling": false,
  "use-fresh-lr-scheduler": true,
  "learn-just-pooling": false,
  "checkpoint-last-n": 12,
  "log-every-n-steps": 10,
  "early-stop-patience": 3,
  "training-history": {
    "train-acc": [
      0.2533668974197609,
      0.535179358086847,
      0.6587791063561989,
      0.7112649465072373,
      0.7483952171176841,
      0.7671491504090623,
      0.7816236626809314,
      0.8016362492133418,
      0.8033983637507867,
      0.81686595342983,
      0.8183763373190686,
      0.8236626809314034,
      0.821019509125236,
      0.821019509125236,
      0.8198867212083071,
      0.8343612334801762,
      0.8327249842668345
    ],
    "train-loss": [
      3.611969743156073,
      2.5020635029893015,
      2.0857563227658904,
      1.8603513166692889,
      1.7342417597545625,
      1.6111475623426683,
      1.533461493077407,
      1.4723295409848962,
      1.4364767296648835,
      1.3788393840465702,
      1.341928517345815,
      1.3003270777611706,
      1.283939265064506,
      1.256270895610447,
      1.2468643063640654,
      1.216240683016048,
      1.2033294082363122
    ],
    "val-acc": [
      0.5610831234256927,
      0.7405541561712846,
      0.8287153652392947,
      0.8526448362720404,
      0.8835012594458438,
      0.8967254408060453,
      0.8998740554156172,
      0.9061712846347607,
      0.9030226700251889,
      0.9036523929471033,
      0.9206549118387909,
      0.9143576826196473,
      0.9181360201511335,
      0.9231738035264484,
      0.913727959697733,
      0.9212846347607053,
      0.9212846347607053
    ],
    "val-loss": [
      1.9133363410042274,
      1.153357867123348,
      0.7520007608031446,
      0.6804647938012889,
      0.582301495254265,
      0.4875073791657497,
      0.4536710922237983,
      0.4489588198235601,
      0.4338969419198932,
      0.4227188717519925,
      0.3804252061134284,
      0.39441499425102994,
      0.3945065339257758,
      0.356616584464476,
      0.37576261951215095,
      0.37624565787702535,
      0.35012027412014884
    ]
  },
  "fp16": false,
  "grad-scaler-config": {
    "init-scale": 8192,
    "growth-factor": 2.0,
    "backoff-factor": 0.5,
    "growth-interval": 100
  },
  "activation-clamp-value": 10000.0,
  "videomix-type": "spatial",
  "videomix-prob": 1.0,
  "method-name": "dual-coop",
  "prompt-optimisation-method": "dual_coop",
  "dataset": "ucf101",
  "data-dir": "/work3/fasco/data/raw/datasets/pevogam/ucf101/versions/1/UCF101/UCF-101",
  "model": "openai/clip-vit-base-patch16",
  "K": null,
  "K-val": null,
  "K-test": null,
  "val-examples-per-class": null,
  "batch-size": 4,
  "out": "/work3/fasco/data/processed/prompts/dual_coop/ucf101",
  "num-workers": 0,
  "re-process-data": false,
  "use-wandb": true,
  "num-head-attention-pooling": 1
}