{
  "clip-model": "openai/clip-vit-base-patch16",
  "ctx-len": 8,
  "ctx-len-video": 8,
  "class-wise": false,
  "lr": 8e-05,
  "weight-decay": 0.2,
  "std-init": 0.02,
  "num-temporal-views": 4,
  "num-spatial-views": 3,
  "num-frames-temporal": 8,
  "regularisation-strength": 0.0,
  "regularisation-text": "A video of a person doing",
  "cosine-regularisation-strength": 0.0,
  "use-handcrafted-features": false,
  "keep-vision-prompts-throughout": false,
  "temporal-pooling": "mean",
  "num-heads-attention-pooling": 1,
  "num-frames": 8,
  "has-discriminative-conditioning": true,
  "space-between-frames": null,
  "epochs": 20,
  "start-train-step": 0,
  "epochs-to-skip": 0,
  "save-every-n-steps": 10000000000.0,
  "continue-from": null,
  "grad-norm-max": 1.0,
  "loss-function": "cross-entropy",
  "dataset-config": {
    "batch-size": 4,
    "num-workers": 4,
    "batches-per-backprop": 32,
    "split-file": "",
    "K-train": null,
    "K-val": null,
    "K-test": null,
    "split-function": "",
    "random-seed": 42,
    "has-validation": true,
    "use-cache": false,
    "resized-cache-protocol": null,
    "save-to-cache": false,
    "class-protocol": "all",
    "num-classes": null,
    "use-excess-for": "none",
    "remove-class-if-insufficient": false,
    "class-weights": null,
    "skip-first-K-train": 0,
    "skip-first-K-val": 0,
    "val-proportion": 0.2,
    "use-clips": false
  },
  "use-checkpointing": false,
  "debug": false,
  "use-profiling": false,
  "use-fresh-lr-scheduler": false,
  "learn-just-pooling": false,
  "checkpoint-last-n": 12,
  "log-every-n-steps": 10,
  "early-stop-patience": 3,
  "training-history": {
    "train-acc": [
      0.186784140969163,
      0.4112020138451857,
      0.5677784770295784,
      0.7016991818753934,
      0.7768407803650095,
      0.8176211453744493,
      0.8624292007551919,
      0.8879798615481435,
      0.9277533039647577,
      0.9403398363750787,
      0.9606041535556954,
      0.9721837633731907,
      0.983763373190686,
      0.9901825047199496,
      0.9932032724984267,
      0.9962240402769037,
      0.9971050975456262,
      0.9983637507866583,
      0.9982378854625551,
      0.9983637507866583
    ],
    "train-loss": [
      4.070798507315922,
      2.959150802391441,
      2.2677765103838894,
      1.7535346768801132,
      1.4068477373741346,
      1.1556824998033355,
      0.9476745643879798,
      0.7971685218691,
      0.6346172661658276,
      0.5169149966567024,
      0.4276456608421177,
      0.3541823178886092,
      0.2885245916751888,
      0.2391929900143565,
      0.20087217663428256,
      0.17106420422140498,
      0.1505918528014868,
      0.13767759732437854,
      0.12984487774838735,
      0.12533001236528477
    ],
    "val-acc": [
      0.30037783375314864,
      0.47418136020151136,
      0.6190176322418136,
      0.6624685138539043,
      0.7424433249370277,
      0.7588161209068011,
      0.8117128463476071,
      0.8293450881612091,
      0.8564231738035264,
      0.8841309823677582,
      0.871536523929471,
      0.8992443324937027,
      0.9030226700251889,
      0.9099496221662469,
      0.9086901763224181,
      0.9130982367758187,
      0.9112090680100756,
      0.9175062972292192,
      0.9162468513853904,
      0.9181360201511335
    ],
    "val-loss": [
      3.418639899951685,
      2.6411096318542806,
      2.0432742183995187,
      1.6717155892918032,
      1.4062216548009843,
      1.225463754865775,
      1.0812053614734702,
      0.9375430616252218,
      0.8076275045929537,
      0.7193804490344801,
      0.697367190493632,
      0.6063940512011724,
      0.5555978253136579,
      0.5254225764911556,
      0.49527950924574876,
      0.4694395241344005,
      0.4690463564637814,
      0.4566421557583797,
      0.4510175708273158,
      0.4483654642716913
    ]
  },
  "fp16": false,
  "grad-scaler-config": {
    "init-scale": 8192,
    "growth-factor": 2.0,
    "backoff-factor": 0.5,
    "growth-interval": 100
  },
  "activation-clamp-value": 10000.0,
  "method-name": "vita",
  "num-frame-tokens": 1,
  "num-heads-summary-attention": 12,
  "prompt-optimisation-method": "vita",
  "dataset": "ucf101",
  "data-dir": "/work3/fasco/data/raw/datasets/pevogam/ucf101/versions/1/UCF101/UCF-101",
  "model": "openai/clip-vit-base-patch16",
  "K": null,
  "K-val": null,
  "K-test": null,
  "val-examples-per-class": null,
  "batch-size": 4,
  "out": "/work3/fasco/data/processed/prompts/vita/ucf101",
  "num-workers": 4,
  "re-process-data": false,
  "use-wandb": true,
  "num-head-attention-pooling": 1,
  "N-text-layers": 12,
  "N-vision-layers": 12
}